Link,ชื่อ,ผู้ว่าจ้าง,แฟลตฟอร์ม,บริการ,ราคา,ยอดเดิม,ยอดรวม,เพิ่มฟอลต่างาชาติ,แถม,ทำไปแล้ว,คงเหลือต่างชาติ,เพิ่มฟอลไทย,แถม,ทำไปแล้ว,คงเหลือไทย,วันที่เริ่ม,วันที่สิ้นสุด,เวลาที่ใช้ไป,สถานะ,หมายเหตุ,,ค่าใช่จ่าย
https://www.instagram.com/maymiigfl?igsh=NzJzbW04dmRkN3ds&utm_source=qr,,,ig : ฟอล,ต่างชาติ,,"2,602","5,202",2100,500,,,,,,,5/11/2025,5/11/2025,1,เสร็จสิ้นปิดงานแล้ว,,12578,2.57817
https://www.instagram.com/jp_jannii?igsh=NWF6bWd6ZGIyNDRz&utm_source=qr,,,ig : ฟอล,ผสม,,15,"1,865",1100,500,,,200,50,,,14/11/2025,,,เสร็จสิ้นปิดงานแล้ว,,,
https://www.instagram.com/evethitapa?igsh=MWNkNDUwNW9qaGl4MA%3D%3D&utm_source=qr,,,ig : ฟอล,ต่างชาติ,,1238,6738,5000,500,,,,,,,24/11/2025,,,เสร็จสิ้นปิดงานแล้ว,,,
https://www.instagram.com/aispecialist.th,,,ig : ฟอล,ไทย,,2,3402,,,,,3100,300,,,11/12/2025,,,เสร็จสิ้นปิดงานแล้ว,,,
https://www.instagram.com/natachaseq?igsh=MWE3cnk4cDNiZ3RlZA==,natachaseq,https://chat.fastwork.co/message/UH0JVU5V,ig : ฟอล,ผสม,350,789,2239,1200,,1230,-30,250,,250,0,1/3/2026,22/3/2026,22,เสร็จสิ้นปิดงานแล้ว,ทยอยทำ,https://smmgen.com/?service=7415,
https://www.instagram.com/voyade.official?igsh=MXJ2aXcwY3V2aDA2aA==,voyade.official,https://chat.fastwork.co/message/OPY7DB2U,ig : ฟอล,ต่างชาติ,700,7,5807,5300,500,7000,-1200,,,,0,9/3/2026,11/3/2026,3,เสร็จสิ้นปิดงานแล้ว,,,
https://www.instagram.com/pkmnnd?igsh=MXd6eG92dG45cDUzZg%3D%3D&utm_source=qrr,pkmnn,https://chat.fastwork.co/message/1T5AXEDU,ig : ฟอล,ไทย,350,305,805,,,,0,450,50,455,45,9/3/2026,11/3/2026,3,เสร็จสิ้นปิดงานแล้ว,,,
https://www.instagram.com/voyade.cn?igsh=MWRzZDdjbWl1c3h6Zw%3D%3D&utm_source=qr,voyade.cn,https://chat.fastwork.co/message/5B3MGSRH,ig : ฟอล,ต่างชาติ,350,5,2505,2300,200,2600,-100,,,,0,9/3/2026,11/3/2026,3,เสร็จสิ้นปิดงานแล้ว,,,
https://www.instagram.com/k._kanoon?igsh=eHU2MWhucnVjempt&utm_source=qr,k._kanoo,https://chat.fastwork.co/message/D6RVOWMC,ig : ฟอล,ต่างชาติ,350,1006,3506,2300,200,2600,-100,,,,0,9/3/2026,15/3/2026,7,เสร็จสิ้นปิดงานแล้ว,ทยอยทำ,https://smmgen.com/?service=7415,
https://www.instagram.com/kungdeseoul.surgery?igsh=bnRjOXUwbmQ0bzkz&utm_source=qr,kungdeseoul.surger,https://chat.fastwork.co/message/PBZKVWFT,ig : ฟอล,ผสม,1300,11,5011,4300,,5300,-1000,700,,700,0,10/3/2026,15/3/2026,6,เสร็จสิ้นปิดงานแล้ว,,,
https://www.instagram.com/parimm_pim?igsh=dnNtNm54cWlqdWt4&utm_source=qr,parimm_pim,https://chat.fastwork.co/message/TIMWFPRO,ig : ฟอล,ไทย,350,5684,6184,,,,0,450,50,500,0,10/3/2026,11/3/2026,2,เสร็จสิ้นปิดงานแล้ว,,,
https://www.tiktok.com/@pimpimparimm?_r=1&_t=ZS-94ZK54B2XoL,pimpimparimm,https://chat.fastwork.co/message/6G8GYMKD,tiktok : ตต,ต่างชาติ,350,4143,6643,2000,500,"1,653",847,,,,0,10/3/2026,15/3/2026,6,เสร็จสิ้นปิดงานแล้ว,,https://smmgen.com/?service=7415,
https://www.instagram.com/pkmnnd?igsh=MXd6eG92dG45cDUzZg%3D%3D&utm_source=qrr,pkmnn,https://chat.fastwork.co/message/3KQR970U,ig : ฟอล,ไทย,700,670,1620,,,,0,850,100,960,-10,11/3/2026,12/3/2026,2,เสร็จสิ้นปิดงานแล้ว,,,
https://www.instagram.com/sbaii?igsh=emh0M2lwejE1ZTE2,sbaii,https://chat.fastwork.co/message/1H0PS85G,ig : ฟอล,ไทย,1000,9048,10548,,,,0,1400,100,1502,-2,13/3/2026,25/3/2026,13,เสร็จสิ้นปิดงานแล้ว,ทยอยทำ,,
https://www.instagram.com/p/DVvRv9OkkfL/,sbaii,https://chat.fastwork.co/message/J46C5AO6,ig : ไลค์,ผสม,700,161,361,170,,220,-50,30,,30,0,13/3/2026,25/3/2026,13,เสร็จสิ้นปิดงานแล้ว,,https://smmgen.com/?service=7385,
https://www.instagram.com/p/DVoF12JEu5-/?img_index=1,sbaii,https://chat.fastwork.co/message/J46C5AO6,ig : ไลค์,ผสม,,94,294,170,,220,-50,30,,30,0,13/3/2026,26/3/2026,14,เสร็จสิ้นปิดงานแล้ว,,,
https://www.instagram.com/p/DVVoeGkkhbJ/,sbaii,https://chat.fastwork.co/message/J46C5AO6,ig : ไลค์,ผสม,,41,241,170,,220,-50,30,,30,0,13/3/2026,27/3/2026,15,เสร็จสิ้นปิดงานแล้ว,,,
https://www.instagram.com/p/DUvc-i1Eq6A/?img_index=1,sbaii,https://chat.fastwork.co/message/J46C5AO6,ig : ไลค์,ผสม,,100,300,170,,220,-50,30,,30,0,13/3/2026,28/3/2026,16,เสร็จสิ้นปิดงานแล้ว,,,
https://www.instagram.com/p/DUvUZHokrzm/?img_index=1,sbaii,https://chat.fastwork.co/message/J46C5AO6,ig : ไลค์,ผสม,,60,260,170,,220,-50,30,,30,0,13/3/2026,29/3/2026,17,เสร็จสิ้นปิดงานแล้ว,,,
https://www.instagram.com/p/DUst6q1kgxy/?img_index=1,sbaii,https://chat.fastwork.co/message/J46C5AO6,ig : ไลค์,ผสม,,83,283,170,,220,-50,30,,30,0,13/3/2026,30/3/2026,18,เสร็จสิ้นปิดงานแล้ว,,,
https://www.instagram.com/p/DUficUqEi6k/,sbaii,https://chat.fastwork.co/message/J46C5AO6,ig : ไลค์,ผสม,,107,307,170,,220,-50,30,,30,0,13/3/2026,31/3/2026,19,เสร็จสิ้นปิดงานแล้ว,,,
https://www.instagram.com/p/DUPeikmEsjq/?img_index=1,sbaii,https://chat.fastwork.co/message/J46C5AO6,ig : ไลค์,ผสม,,97,297,170,,220,-50,30,,30,0,13/3/2026,1/4/2026,20,เสร็จสิ้นปิดงานแล้ว,,,
https://www.instagram.com/p/DUPeikmEsjq/?img_index=2,sbaii,https://chat.fastwork.co/message/J46C5AO6,ig : ไลค์,ผสม,,97,297,170,,220,-50,30,,30,0,13/3/2026,2/4/2026,21,เสร็จสิ้นปิดงานแล้ว,,,
https://www.instagram.com/p/DUNU8Aqkjv8/,sbaii,https://chat.fastwork.co/message/J46C5AO6,ig : ไลค์,ผสม,,83,283,170,,220,-50,30,,30,0,13/3/2026,3/4/2026,22,เสร็จสิ้นปิดงานแล้ว,,,
https://www.instagram.com/p/DUFKDrLkqWl/,sbaii,https://chat.fastwork.co/message/J46C5AO6,ig : ไลค์,ผสม,,125,325,170,,220,-50,30,,30,0,13/3/2026,4/4/2026,23,เสร็จสิ้นปิดงานแล้ว,,,
https://www.instagram.com/p/DT7sQAbkoUf/?img_index=1,sbaii,https://chat.fastwork.co/message/J46C5AO6,ig : ไลค์,ผสม,,98,298,170,,220,-50,30,,30,0,13/3/2026,5/4/2026,24,เสร็จสิ้นปิดงานแล้ว,,,
https://www.instagram.com/p/DTppEuKkrVd/?img_index=1,sbaii,https://chat.fastwork.co/message/J46C5AO6,ig : ไลค์,ผสม,,134,334,170,,220,-50,30,,30,0,13/3/2026,6/4/2026,25,เสร็จสิ้นปิดงานแล้ว,,,
https://www.instagram.com/p/DTfd1u3kggk/,sbaii,https://chat.fastwork.co/message/J46C5AO6,ig : ไลค์,ผสม,,88,288,170,,220,-50,30,,30,0,13/3/2026,7/4/2026,26,เสร็จสิ้นปิดงานแล้ว,,,
https://www.instagram.com/p/DV29SPkEs0w/?igsh=cmxzNzJ0bmR0Mnhh,prsnam,https://chat.fastwork.co/message/QKCYBK89,ig : ไลค์,ไทย,150,15,225,,,,,210,,,210,14/3/2026,15/3/2026,2,เสร็จสิ้นปิดงานแล้ว,,,
https://www.instagram.com/gu.shopaholic?igsh=bXpvM3JyNDZhYXVv&utm_source=qr,gu.shopaholi,https://chat.fastwork.co/message/BTT3JR24,ig : ฟอล,ไทย,350,18,518,,,,,450,50,,500,17/3/2026,19/3/2026,3,เสร็จสิ้นปิดงานแล้ว,,,
https://www.instagram.com/yesido.shop?igsh=MWg1MHNzY3JleDIyYg%3D%3D&utm_source=qr,yesido.shop,https://chat.fastwork.co/message/AYWKUBEI,ig : ฟอล,ต่างชาติ,700,1416,7216,5300,500,2000,3800,,,,0,18/3/2026,19/03/2026,2,เสร็จสิ้นปิดงานแล้ว,,https://smmgen.com/?service=7415,
https://www.instagram.com/nannpwnn?igsh=MTI1ZTRpeXdwN2thaw==,nannpwnn,https://chat.fastwork.co/message/7ZJJ0VG7,ig : ฟอล,ไทย,350,2082,2582,,,,0,450,50,,500,20/3/2026,21/03/2026,2,เสร็จสิ้นปิดงานแล้ว,,,
https://www.instagram.com/fromsoilisstarb_b?igsh=MWk5NDY5YmhxN2M1cQ==,fromsoilisstarb_b,https://chat.fastwork.co/message/H3JSJ7NW,ig : ฟอล,ไทย,350,614,1114,,,,0,450,50,550,-50,20/3/2026,21/3/2026,2,เสร็จสิ้นปิดงานแล้ว,,,
https://www.instagram.com/simplusappliance?utm_source=ig_web_button_share_sheet&igsh=ZDNlZDc0MzIxNw==,simplusappliance,https://chat.fastwork.co/message/9QGBRNIB,ig : ฟอล,ไทย,350,13900,14400,,,,0,450,50,330,170,22/3/2026,29/3/2026,8,เสร็จสิ้นปิดงานแล้ว,,,
https://www.instagram.com/p/DWLr1YnD-KM/?igsh=MXFvMDNud2RodWxvcQ==,simplusappliance,https://chat.fastwork.co/message/9QGBRNIB,ig : ไลค์,ไทย,150,7,112,,,,0,105,,187,-82,22/3/2026,29/3/2026,8,เสร็จสิ้นปิดงานแล้ว,,,
https://www.instagram.com/p/DWSjXyUj5zR/?igsh=dGFtc3h5bnk3d3Bl,simplusappliance,https://chat.fastwork.co/message/9QGBRNIB,ig : ไลค์,ไทย,,179,284,,,,0,105,,93,12,26/3/2026,29/3/2026,4,เสร็จสิ้นปิดงานแล้ว,,,
https://www.instagram.com/yesterday.jayyy?igsh=MXI5Y2Z4cGNnazA0ZQ%3D%3D,yesterday.jayyy,https://chat.fastwork.co/message/QTG2A6J4,ig : ฟอล,ไทย,350,3411,3911,,,,0,450,50,576,-76,21/3/2026,23/3/2026,3,เสร็จสิ้นปิดงานแล้ว,,,
https://www.instagram.com/innobiz.official/,innobiz.official,https://chat.fastwork.co/message/IEAR6YS9,ig : ฟอล,ผสม,4100,371,11171,5300,500,2000,3800,5000,,3630,1370,23/3/2026,3/4/2026,12,เสร็จสิ้นปิดงานแล้ว,"สั่งร้านเหมี่ยวจิ 3000 
ร้านตะวัน 2000",https://smmgen.com/?service=7415,
https://www.instagram.com/natwang_?igsh=MTBqZzlteGxscDVkMw%3D%3D&utm_source=qr,natwang_,https://chat.fastwork.co/message/427KW96J,ig : ฟอล,ไทย,350,2281,2781,,,,0,450,50,,500,24/3/2026,25/3/2026,2,เสร็จสิ้นปิดงานแล้ว,สั่งร้านเหมี่ยวจิ 500,,
https://www.instagram.com/emmimm.e?igsh=MTYzdGlxYmljYnpkcw==,emmimm.e,https://chat.fastwork.co/message/ZHG0O5E2,ig : ฟอล,ไทย,350,154,654,,,,0,450,50,507,-7,25/3/2026,29/3/2026,5,เสร็จสิ้นปิดงานแล้ว,,,
https://www.instagram.com/keng_thannaphat?igsh=MWZyem1qYzJ2eW5waw%3D%3D&utm_source=qr,keng_thannaphat,https://chat.fastwork.co/message/BBB7KFWN,ig : ฟอล,ผสม,1500,18700,26050,6000,500,6827,-327,800,50,890,-40,27/3/2026,29/3/2026,3,เสร็จสิ้นปิดงานแล้ว,รีบ,,
https://www.instagram.com/_lalipatt?igsh=MXd6MGlpam9wYTZyMA%3D%3D&utm_source=qr,_lalipatt,https://chat.fastwork.co/message/QUPHTA15,ig : ฟอล,ไทย,350,7891,8191,,,,0,300,,296,4,28/3/2026,31/3/2026,4,เสร็จสิ้นปิดงานแล้ว,,,
https://www.instagram.com/p/DWYe4HakYVR/?igsh=cGRxZzQ2YnpzZnFs,,,ig : ไลค์,ไทย,,412,612,,,,0,200,,189,11,28/3/2026,31/3/2026,4,เสร็จสิ้นปิดงานแล้ว,,,
https://www.instagram.com/babybarrebkk?igsh=bnB5NG9kcG8zZDRh,babybarrebkk,https://chat.fastwork.co/message/1YHS48SS,ig : ฟอล,ต่างชาติ,1600,0,16000,15000,1000,7310,8690,,,,0,29/3/2026,3/4/2026,6,เสร็จสิ้นปิดงานแล้ว,,,
https://www.instagram.com/shtfeem?utm_source=ig_web_button_share_sheet&igsh=ZDNlZDc0MzIxNw==,shtfeem,https://chat.fastwork.co/message/4NJXF68G,ig : ฟอล,ไทย,500,662,1362,,,,0,650,50,696,4,1/4/2026,13/4/2026,13,เสร็จสิ้นปิดงานแล้ว,,,
https://www.instagram.com/cg.cashh?utm_source=ig_web_button_share_sheet&igsh=ZDNlZDc0MzIxNw==,cg.cashh,https://chat.fastwork.co/message/M0QXTN4Y,ig : ฟอล,ไทย,350,755,1255,,,,0,450,50,,500,2/4/2026,4/4/2026,3,เสร็จสิ้นปิดงานแล้ว,,,
https://www.instagram.com/_lalipatt?igsh=MXd6MGlpam9wYTZyMA%3D%3D&utm_source=qr,_lalipatt,https://chat.fastwork.co/message/2JTP97L1,ig : ฟอล,ไทย,350,8215,8515,,,,0,300,,308,-8,3/4/2026,4/4/2026,2,เสร็จสิ้นปิดงานแล้ว,,,
https://www.instagram.com/p/DWqSliQkU3p/?igsh=dzI3c2lyajdzazZn,,,ig : ไลค์,ไทย,,,200,,,,0,200,,,200,3/4/2026,4/4/2026,2,เสร็จสิ้นปิดงานแล้ว,,,
https://www.instagram.com/indeedthailand?igsh=MWdndnhoOThiMjU2OA%3D%3D&utm_source=qr,indeedthailand,https://chat.fastwork.co/message/23WJ298E,ig : ฟอล,ผสม,350,1079,2579,1200,50,,1250,250,,247,3,3/4/2026,4/4/2026,2,เสร็จสิ้นปิดงานแล้ว,,,
https://www.instagram.com/aqourberie?igsh=MWttZGFwbng4aDBreA==,aqourberie,https://chat.fastwork.co/message/ZVEZ7WVC,ig : ฟอล,ไทย,350,859,1409,,,,0,450,100,628,-78,4/4/2026,4/4/2026,1,เสร็จสิ้นปิดงานแล้ว,,,
https://www.instagram.com/qotchacorn?igsh=MXhsaG1yZjA1dmg3cg==,qotchacorn,https://chat.fastwork.co/message/9NQAOHRT,ig : ฟอล,ไทย,350,2710,3260,,,,0,450,100,,550,4/4/2026,5/4/2026,2,เสร็จสิ้นปิดงานแล้ว,,,
https://www.instagram.com/p/DWtUDbtkvw4/?img_index=2&igsh=OGRpZTRndjlwamh2,prsnam,https://chat.fastwork.co/message/CAH3O2TE,ig : ไลค์,ไทย,150,11,261,,,,0,210,40,,250,4/4/2026,6/4/2026,3,เสร็จสิ้นปิดงานแล้ว,,,
https://www.instagram.com/lovedfirststory,lovedfirststory,https://chat.fastwork.co/message/S7B102YB,ig : ฟอล,ต่างชาติ,1300,0,13300,11300,2000,9000,4300,,,,0,5/4/2026,12/4/2026,8,เสร็จสิ้นปิดงานแล้ว,"12,700",https://smmgen.com/?service=7415,
https://www.instagram.com/alice_kanyapat?igsh=MXczMGdiaXdyZDdyaQ%3D%3D&utm_source=qr,alice_kanyapat,https://chat.fastwork.co/message/Z9DRBE1J,ig : ฟอล,ผสม,1300,4748,9848,4300,,4964,-664,700,100,900,-100,5/4/2026,7/4/2026,3,เสร็จสิ้นปิดงานแล้ว,สั่งร้านเหมียวจิ 800,https://smmgen.com/?service=7415,
https://www.instagram.com/kritphat.kritayakom?igsh=MXRxOGlxaXg1ZGwydA%3D%3D&utm_source=qr,kritphat.kritayakom,https://chat.fastwork.co/message/W75I7RSC,ig : ฟอล,ไทย,500,3161,3911,,,,0,650,100,747,3,5/4/2026,9/4/2026,5,เสร็จสิ้นปิดงานแล้ว,สั่งร้านเหมียวจิ 750,,
https://www.instagram.com/moiseoul_?igsh=d2ZwdDh4MnZsdGsw&utm_source=qr,moiseoul_,https://chat.fastwork.co/message/3K4JZX8A,ig : ฟอล,ต่างชาติ,700,396,6696,5300,1000,5000,1300,,,,0,7/4/2026,12/4/2026,6,เสร็จสิ้นปิดงานแล้ว,"6,909",https://smmgen.com/?service=7415,
https://www.facebook.com/share/193X9b5edA/?mibextid=wwXIfr,MOI Seoul โมอิ โซล บิวตี้เอเจนซี่เกาหลี ,,facebook : ตต,ต่างชาติ,500,43,4043,3000,1000,5000,-1000,,,,0,7/4/2026,12/4/2026,6,เสร็จสิ้นปิดงานแล้ว,3200,,
https://www.instagram.com/pps.rca?igsh=MTloemk2Z3ZwaG9udg==,pps.rca,https://chat.fastwork.co/message/2JPY7ZAO,ig : ฟอล,ไทย,700,716,1716,,,,0,850,150,1034,-34,7/4/2026,8/4/2026,2,เสร็จสิ้นปิดงานแล้ว,,,
https://www.instagram.com/rxgii.ixz?igsh=MWV5M2tmNjl0czRrdw%3D%3D&utm_source=qr,rxgii.ixz,https://chat.fastwork.co/message/JLG03DCW,ig : ฟอล,ผสม,350,17,1517,1200,,950,250,250,50,,300,8/4/2026,12/4/2026,5,เสร็จสิ้นปิดงานแล้ว,1584,https://smmgen.com/?service=7415,
https://www.instagram.com/maymei13?igsh=MWVrNmZtMWV4cXpnbA==,maymei13,https://chat.fastwork.co/message/5YZATYEO,ig : ฟอล,ผสม,350,2619,4119,1200,,1000,200,250,50,298,2,10/4/2026,13/4/2026,4,เสร็จสิ้นปิดงานแล้ว,4055 สั่งงานเหมียวจิ 300,,
https://www.instagram.com/wongakrawong?igsh=ejVsd3ViaWdpajFu,wongakrawong,https://chat.fastwork.co/message/6XPK86JP,ig : ฟอล,ไทย,3000,3067,7567,,,,0,4200,300,4501,-1,10/4/2026,27/4/2026,18,เสร็จสิ้นปิดงานแล้ว,,,
https://www.instagram.com/p/DW_L1ZFEgLd/?img_index=4&igsh=MWFwbGlwa25lZWRibA==,prsnam,,ig : ไลค์,ไทย,150,0,250,,,,0,210,40,,250,11/4/2026,12/4/2026,2,เสร็จสิ้นปิดงานแล้ว,,,
https://www.instagram.com/p/DW_yFFBko6O/?img_index=2&igsh=MXdkNGozeWdhNXNsZQ==,prsnam,,ig : ไลค์,ไทย,150,0,250,,,,0,210,40,,250,11/4/2026,12/4/2026,2,เสร็จสิ้นปิดงานแล้ว,,,
https://www.instagram.com/amie_kloset?igsh=aDU4a3dhbXViZmps&utm_source=qr,amie_kloset,https://chat.fastwork.co/message/KVW1AVDC,ig : ฟอล,ไทย,350,132,682,,,,0,450,100,,550,13/4/2026,14/4/2026,2,เสร็จสิ้นปิดงานแล้ว,,,
https://www.instagram.com/supac.studio?igsh=bzc1cGtyc2R0dDN6,supac.studio,https://chat.fastwork.co/message/6C1AOLFV,ig : ฟอล,ต่างชาติ,700,395,6395,5300,700,4000,2000,,,,0,14/4/2026,17/4/2026,4,เสร็จสิ้นปิดงานแล้ว,"6,813",https://smmgen.com/?service=7415,
https://www.instagram.com/ma.pertite23?igsh=MTJjcmtlYWl3dGVldw==,ma.pertite23,https://chat.fastwork.co/message/SLP9HS6O,ig : ฟอล,ไทย,500,0,750,,,,0,650,100,812,-62,16/4/2026,16/4/2026,1,เสร็จสิ้นปิดงานแล้ว,,,
https://www.tiktok.com/@hpt358?_r=1&_t=ZS-95t8RMNJaZl,HPT,https://chat.fastwork.co/message/XZILWHXO,tiktok : ตต,ไทย,350,177,477,,,,0,300,,658,-358,28/4/2026,5/5/2026,8,เสร็จสิ้นปิดงานแล้ว,ทยอยทำ,,
https://www.instagram.com/p/DXL1igGlCBm/?igsh=MWRqODBjaWRhbjhsdA==,prsnam,https://chat.fastwork.co/message/878FQRWU,ig : ไลค์,ไทย,150,6,256,,,,0,210,40,277,-27,16/4/2026,16/4/2026,1,เสร็จสิ้นปิดงานแล้ว,,,
https://www.instagram.com/dddspotting,dddspotting,https://chat.fastwork.co/message/TK7A2ABZ,ig : ฟอล,ต่างชาติ,350,1,2601,2300,300,2100,500,,,,0,17/4/2026,18/4/2026,2,เสร็จสิ้นปิดงานแล้ว,2628,https://smmgen.com/?service=7415,
https://www.instagram.com/p/DXOE4N2kngm/?igsh=aDBoaW4xNTgybzJu,prsnam,https://chat.fastwork.co/message/J53D45KC,ig : ไลค์,ไทย,150,4,254,,,,0,210,40,,250,17/4/2026,17/4/2026,1,เสร็จสิ้นปิดงานแล้ว,,,
https://www.instagram.com/maymei13?igsh=MWVrNmZtMWV4cXpnbA==,maymei13,https://chat.fastwork.co/message/IGVMJ7RY,ig : ฟอล,ไทย,350,4311,4861,,,,0,450,100,639,-89,17/4/2026,18/4/2026,2,เสร็จสิ้นปิดงานแล้ว,,,
https://www.instagram.com/p/DXQtPcFklKk/?img_index=3&igsh=YTV6Y2w1aHVxcXBj,prsnam,https://chat.fastwork.co/message/326TII9F,ig : ไลค์,ไทย,150,7,257,,,,0,210,40,,250,18/4/2026,18/4/2026,1,เสร็จสิ้นปิดงานแล้ว,,,
https://www.instagram.com/sunwolf_60?igsh=MTN0bjE0M3ZsNGc1,sunwolf_60,https://chat.fastwork.co/message/V3765P3P,ig : ฟอล,ไทย,500,0,750,,,,0,650,100,767,-17,18/4/2026,26/4/2026,9,เสร็จสิ้นปิดงานแล้ว,,,
https://www.instagram.com/r.sun_j?igsh=MWppNGUydGx4MWoyYg%3D%3D&utm_source=qr,ge.nezis,https://chat.fastwork.co/message/Z0AMKCGE,ig : ฟอล,ไทย,350,262,812,,,,0,450,100,604,-54,18/4/2026,26/4/2026,9,เสร็จสิ้นปิดงานแล้ว,,,
https://www.instagram.com/kanzakix?igsh=MTl3dWZtc3B3ajhtaw%3D%3D&utm_source=qr,kanzakix,https://chat.fastwork.co/message/PS6M85WN,ig : ฟอล,ต่างชาติ,700,13900,19900,5300,700,4510,1490,,,,0,18/4/2026,20/4/2026,3,เสร็จสิ้นปิดงานแล้ว,21000,,
https://www.instagram.com/p/DXTEMzVkmyv/?igsh=d2RxbWI5cG9xeWls,prsnam,https://chat.fastwork.co/message/GPGPTS42,ig : ไลค์,ไทย,150,22,272,,,,0,210,40,,250,19/4/2026,19/4/2026,1,เสร็จสิ้นปิดงานแล้ว,,,
https://www.instagram.com/teammy_official?igsh=Zm8zZzh6YmZmYm1l,teammy_official,https://chat.fastwork.co/message/PYCXI82X,ig : ฟอล,ไทย,1000,0,1000,,,,0,1000,,1166,-166,19/4/2026,24/4/2026,6,เสร็จสิ้นปิดงานแล้ว,,,
https://www.instagram.com/p/DXG6dmWFGJ4/?img_index=1,teammy_official,,ig : ไลค์,ไทย,,0,30,,,,0,30,,30,0,19/4/2026,24/4/2026,6,เสร็จสิ้นปิดงานแล้ว,,,
https://www.instagram.com/p/DXG6aTYlNSG/?img_index=1,teammy_official,,ig : ไลค์,ไทย,,0,30,,,,0,30,,30,0,19/4/2026,24/4/2026,6,เสร็จสิ้นปิดงานแล้ว,,,
https://www.instagram.com/p/DXGqrN8Ebhg/,teammy_official,,ig : ไลค์,ไทย,,0,30,,,,0,30,,30,0,19/4/2026,24/4/2026,6,เสร็จสิ้นปิดงานแล้ว,,,
https://www.instagram.com/p/DXGqpLTFGcS/?img_index=1,teammy_official,,ig : ไลค์,ไทย,,0,30,,,,0,30,,30,0,19/4/2026,24/4/2026,6,เสร็จสิ้นปิดงานแล้ว,,,
https://www.instagram.com/p/DXGqj4iFI94/?img_index=1,teammy_official,,ig : ไลค์,ไทย,,0,30,,,,0,30,,30,0,19/4/2026,24/4/2026,6,เสร็จสิ้นปิดงานแล้ว,,,
https://www.instagram.com/p/DXGqByREWVT/,teammy_official,,ig : ไลค์,ไทย,,0,30,,,,0,30,,30,0,19/4/2026,24/4/2026,6,เสร็จสิ้นปิดงานแล้ว,,,
https://www.instagram.com/p/DXGqBFRFPF4/?img_index=1,teammy_official,,ig : ไลค์,ไทย,,0,30,,,,0,30,,30,0,19/4/2026,24/4/2026,6,เสร็จสิ้นปิดงานแล้ว,,,
https://www.instagram.com/p/DXGp8RjlMK3/?img_index=1,teammy_official,,ig : ไลค์,ไทย,,0,30,,,,0,30,,30,0,19/4/2026,24/4/2026,6,เสร็จสิ้นปิดงานแล้ว,,,
https://www.instagram.com/p/DXGpt7Qkc2c/,teammy_official,,ig : ไลค์,ไทย,,0,30,,,,0,30,,30,0,19/4/2026,24/4/2026,6,เสร็จสิ้นปิดงานแล้ว,,,
https://www.instagram.com/p/DXGpsqelNYK/?img_index=1,teammy_official,,ig : ไลค์,ไทย,,0,30,,,,0,30,,30,0,19/4/2026,24/4/2026,6,เสร็จสิ้นปิดงานแล้ว,,,
https://www.instagram.com/p/DXGpn2blOve/?img_index=1,teammy_official,,ig : ไลค์,ไทย,,0,30,,,,0,30,,30,0,19/4/2026,24/4/2026,6,เสร็จสิ้นปิดงานแล้ว,,,
https://www.instagram.com/p/DXCgxO3lDlB/?img_index=1,teammy_official,,ig : ไลค์,ไทย,,0,30,,,,0,30,,30,0,19/4/2026,24/4/2026,6,เสร็จสิ้นปิดงานแล้ว,,,
https://www.instagram.com/p/DXCgsCeFMvh/?img_index=1,teammy_official,,ig : ไลค์,ไทย,,0,30,,,,0,30,,30,0,19/4/2026,24/4/2026,6,เสร็จสิ้นปิดงานแล้ว,,,
https://www.instagram.com/p/DXCgUSolDzo/?img_index=1,teammy_official,,ig : ไลค์,ไทย,,0,30,,,,0,30,,30,0,19/4/2026,24/4/2026,6,เสร็จสิ้นปิดงานแล้ว,,,
https://www.instagram.com/p/DXCgKRYFMEg/?img_index=1,teammy_official,,ig : ไลค์,ไทย,,0,30,,,,0,30,,30,0,19/4/2026,24/4/2026,6,เสร็จสิ้นปิดงานแล้ว,,,
https://www.instagram.com/p/DXCdLphkceA/,teammy_official,,ig : ไลค์,ไทย,,0,30,,,,0,30,,30,0,19/4/2026,24/4/2026,6,เสร็จสิ้นปิดงานแล้ว,,,
https://www.instagram.com/p/DXCdJdXlMPK/?img_index=1,teammy_official,,ig : ไลค์,ไทย,,0,30,,,,0,30,,30,0,19/4/2026,24/4/2026,6,เสร็จสิ้นปิดงานแล้ว,,,
https://www.instagram.com/p/DXCdA_rFAwu/?img_index=1,teammy_official,,ig : ไลค์,ไทย,,0,30,,,,0,30,,30,0,19/4/2026,24/4/2026,6,เสร็จสิ้นปิดงานแล้ว,,,
https://www.instagram.com/p/DXCcorflNik/?img_index=1,teammy_official,,ig : ไลค์,ไทย,,0,30,,,,0,30,,30,0,19/4/2026,24/4/2026,6,เสร็จสิ้นปิดงานแล้ว,,,
https://www.instagram.com/p/DXCbfhfFD70/?img_index=1,teammy_official,,ig : ไลค์,ไทย,,0,30,,,,0,30,,30,0,19/4/2026,24/4/2026,6,เสร็จสิ้นปิดงานแล้ว,,,
https://www.instagram.com/oooooo.opal?igsh=b2V4N3g2anpvbHJ4&utm_source=qr,000000.0pal,https://chat.fastwork.co/message/5SONJFKY,ig : ฟอล,ไทย,350,11600,12150,,,,0,450,100,300,250,20/4/2026,27/4/2026,8,เสร็จสิ้นปิดงานแล้ว,,,
https://www.instagram.com/ddreamiy?igsh=MTQwcDVhOXp0b2h1dg==,ddreamiy,https://chat.fastwork.co/message/TFBEGPXV,ig : ฟอล,ไทย,500,4183,4933,,,,0,650,100,855,-105,23/4/2026,2/5/2026,10,เสร็จสิ้นปิดงานแล้ว,ทยอยทำ,,
https://www.instagram.com/artee_taokaenoy?igsh=MTh5dzF1MHVsZmFuag==,artee_taokaenoy,https://chat.fastwork.co/message/VWWFLJSH,ig : ฟอล,ไทย,350,914,1464,,,,0,450,100,648,-98,24/4/2026,25/4/2026,2,เสร็จสิ้นปิดงานแล้ว,,,
https://www.instagram.com/akekanutt?igsh=aWN6dDVsZWsyZGgy,akekanutt,https://chat.fastwork.co/message/HC2RDP1L,ig : ฟอล,ไทย,1000,3424,5024,,,,0,1400,200,1663,-63,24/4/2026,26/4/2026,3,เสร็จสิ้นปิดงานแล้ว,,,
https://www.instagram.com/nk_arz?igsh=a3BjNTRtM21oaTNw,nk_arz,https://chat.fastwork.co/message/C1MWN55J,ig : ฟอล,ไทย,350,5395,5945,,,,0,450,100,160,390,24/4/2026,26/4/2026,3,เสร็จสิ้นปิดงานแล้ว,,,
https://www.instagram.com/teochew.tj?igsh=MW16NGpkdXF2bDNxZg==,teochew.tj,https://chat.fastwork.co/message/D5QGGDQM,ig : ฟอล,ไทย,350,17,317,,,,0,300,,332,-32,27/4/2026,30/4/2026,4,เสร็จสิ้นปิดงานแล้ว,,,
https://www.instagram.com/reel/DXGQZeHkfTM/?igsh=d2x2dDd0aHozaXBs,,,ig : ไลค์,ไทย,,12,112,,,,0,100,,98,2,27/4/2026,30/4/2026,4,เสร็จสิ้นปิดงานแล้ว,,,
https://www.instagram.com/reel/DXSvQ-1k-rH/?igsh=MWRqczBzbWhubHBpbw==,,,ig : ไลค์,ไทย,,7,107,,,,0,100,,100,0,27/4/2026,30/4/2026,4,เสร็จสิ้นปิดงานแล้ว,,,
https://www.instagram.com/n_nanie?igsh=MXJqbHIzNjdpcnYzeg%3D%3D&utm_source=qr,n_nanie,https://chat.fastwork.co/message/OA9MVBSR,ig : ฟอล,ไทย,350,169,669,,,,0,450,50,536,-36,28/4/2026,30/4/2026,3,เสร็จสิ้นปิดงานแล้ว,,,
https://www.instagram.com/smch31_?igsh=MXY2cjNudnV2N2ZuMw==,smch31,https://chat.fastwork.co/message/CT6NI94V,ig : ฟอล,ไทย,350,1790,2290,,,,0,450,50,541,-41,30/4/2026,2/5/2026,3,เสร็จสิ้นปิดงานแล้ว,,,
https://www.instagram.com/n.supitchaya?igsh=MWZydjJsM2w3M3ptZA==,n.supitchaya,https://chat.fastwork.co/message/UP6DXKJC,ig : ฟอล,ไทย,1000,252,1752,,,,0,1400,100,1561,-61,1/5/2026,3/5/2026,3,เสร็จสิ้นปิดงานแล้ว,,,
https://www.instagram.com/indeedthailand?igsh=MWdndnhoOThiMjU2OA%3D%3D&utm_source=qr,indeedthailand,https://chat.fastwork.co/message/2DE70XCT,ig : ฟอล,ต่างชาติ,1300,2887,15187,11300,1000,10096,2204,,,,0,2/5/2026,3/5/2026,2,เสร็จสิ้นปิดงานแล้ว,16100,,
https://www.instagram.com/_laviitra_?igsh=MWtybzVoODl2a2Z2NQ==,_laviitra_,https://chat.fastwork.co/message/IU71BTGO,ig : ฟอล,ไทย,3000,1110,5610,,,,0,4200,300,4503,-3,2/5/2026,7/5/2026,6,เสร็จสิ้นปิดงานแล้ว,,ตะวัน,
https://www.instagram.com/lerhair.official?igsh=MXJ1OXVtbmllaHc1Ng%3D%3D&utm_source=qr,lerhair.official,https://chat.fastwork.co/message/X0BNAIMH,ig : ฟอล,ต่างชาติ,1000,3,13303,11300,2000,7785,5515,,,,0,3/5/2026,5/5/2026,3,เสร็จสิ้นปิดงานแล้ว,13900,,
https://www.instagram.com/hiclass.zenith/?utm_source=ig_web_button_share_sheet,hiclass.zenith,https://chat.fastwork.co/message/BRU1U48T,ig : ฟอล,ไทย,350,191,691,,,247,-247,450,50,600,-100,4/5/2026,7/5/2026,4,เสร็จสิ้นปิดงานแล้ว,,ตะวัน,
https://www.instagram.com/chanyanuch._08?igsh=MWp6Y3QxazFlY2FmYw==,chanyanuch._08,https://chat.fastwork.co/message/5SXJFDU7,ig : ฟอล,ไทย,500,35,735,,,,0,650,50,814,-114,5/5/2026,6/5/2026,2,เสร็จสิ้นปิดงานแล้ว,,,
https://www.instagram.com/chiccloset.bkk?igsh=Zmdib3hkNHV6c3Y%3D&utm_source=qr,chiccloset.bkk,https://chat.fastwork.co/message/HPOE7ARS,ig : ฟอล,ไทย,700,20,920,,,,0,850,50,954,-54,6/5/2026,6/5/2026,1,เสร็จสิ้นปิดงานแล้ว,เร่ง,,
https://www.instagram.com/theshortgunn?igsh=ZXBpbG1jOWh6MGFx&utm_source=qr,theshortgunn,https://chat.fastwork.co/message/SIUCVTOB,ig : ฟอล,ไทย,350,14885,15385,,,,0,450,50,494,6,6/5/2026,8/5/2026,3,เสร็จสิ้นปิดงานแล้ว,,ตะวัน,
https://www.instagram.com/movein.th?igsh=MWJhc29icDIwa2tlbA%3D%3D&utm_source=qr,movein.th,https://chat.fastwork.co/message/64B4WS2C,ig : ฟอล,ผสม,350,26,1476,1200,,1000,200,250,,258,-8,6/5/2026,7/5/2026,2,เสร็จสิ้นปิดงานแล้ว,1516 เร่ง,เหมียวจิ,
https://www.instagram.com/pai_paphawee/,pai_paphawee,https://chat.fastwork.co/message/UIRU2OCY,ig : ฟอล,ไทย,350,24397,24897,,,,0,450,50,552,-52,7/5/2026,8/5/2026,2,เสร็จสิ้นปิดงานแล้ว,เร่ง,ตะวัน,
https://www.instagram.com/paigab_thenamee?igsh=MXhqMGVzZGdpOG84Nw%3D%3D&utm_source=qr,paigab_thenamee,https://chat.fastwork.co/message/EMJ8RRIY,ig : ฟอล,ไทย,500,28975,29675,,,,0,650,50,669,31,7/5/2026,9/5/2026,3,เสร็จสิ้นปิดงานแล้ว,ปกจิ,ตะวัน,
https://www.instagram.com/nunlacha?igsh=azNoaG5vZGIyanNq,nunlacha,https://chat.fastwork.co/message/69AFMU7E,ig : ฟอล,ผสม,350,24108,25558,1200,,1200,0,250,,,250,7/5/2026,9/5/2026,3,เสร็จสิ้นปิดงานแล้ว,25509,,
https://www.instagram.com/praewnichapha?utm_source=ig_web_button_share_sheet&igsh=ZDNlZDc0MzIxNw==,praewnichapha,https://chat.fastwork.co/message/Y8M0BK89,ig : ฟอล,ไทย,"1,350","88,824","90,924",,,,0,"2,000",100,"1,415",685,7/5/2026,10/5/2026,4,เสร็จสิ้นปิดงานแล้ว,เร่ง,,
https://www.instagram.com/katessrn?igsh=NXdrNTJydXhrM3gz&utm_source=qr,katessrn,https://chat.fastwork.co/message/ANPABIXT,ig : ฟอล,ไทย,350,"3,831","4,331",,,,0,450,50,505,-5,7/5/2026,13/5/2026,7,เสร็จสิ้นปิดงานแล้ว,,ตะวัน,
https://www.tiktok.com/@katessrn?_r=1&_t=ZS-96ANCNc9Y7Z,เกตพร้อมแคร์.,,tiktok : ตต,ไทย,,617,"1,017",,,,0,350,50,426,-26,7/5/2026,13/5/2026,7,เสร็จสิ้นปิดงานแล้ว,,ตะวัน,
https://www.instagram.com/gingpkkh?igsh=MTdoZzZocTd5aXNhMg==,gingpkkh,https://chat.fastwork.co/message/3CKH4SRW,ig : ฟอล,ไทย,"1,000","11,137","12,637",,,,0,"1,400",100,"1,388",112,8/5/2026,11/5/2026,4,เสร็จสิ้นปิดงานแล้ว,,เหมียวจิ,
https://www.instagram.com/yana_natty?igsh=MTJmZjJlNWZ2aWpqcA%3D%3D&utm_source=qr,yana_natty,https://chat.fastwork.co/message/ZKI9KY8N,ig : ฟอล,ผสม,350,1216,2716,1000,,,1000,450,50,522,-22,8/5/2026,10/5/2026,3,เสร็จสิ้นปิดงานแล้ว,,เหมียวจิ,
https://www.instagram.com/kanzakix?igsh=MTl3dWZtc3B3ajhtaw%3D%3D&utm_source=qr,kanzakix,https://chat.fastwork.co/message/KEI4FSLQ,ig : ฟอล,ต่างชาติ,1300,18520,32820,11300,3000,11500,2800,,,,0,8/5/2026,12/5/2026,5,เสร็จสิ้นปิดงานแล้ว,30144,,
https://www.instagram.com/apat.rt?utm_source=ig_web_button_share_sheet&igsh=ZDNlZDc0MzIxNw==,apat.r,https://chat.fastwork.co/message/UB6Y6VKD,ig : ฟอล,ไทย,350,405,905,,,,0,450,50,501,-1,8/5/2026,9/5/2026,2,เสร็จสิ้นปิดงานแล้ว,,ตะวัน,
https://www.instagram.com/nes__narin?utm_source=ig_web_button_share_sheet&igsh=ZDNlZDc0MzIxNw==,Nes__Narin,https://chat.fastwork.co/message/I4YXFU49,ig : ฟอล,ไทย,350,1056,1556,,,,0,450,50,908,-408,8/5/2026,10/5/2026,3,เสร็จสิ้นปิดงานแล้ว,,ตะวัน,
https://www.instagram.com/nk_arz?igsh=a3BjNTRtM21oaTNw,nk_arz,https://chat.fastwork.co/message/4LT9DXDB,ig : ไลค์,ไทย,350,,500,,,,0,450,50,,500,8/5/2026,10/5/2026,3,เสร็จสิ้นปิดงานแล้ว,ไลค์โพส 9 โพส รายละเอียดอยู่ในแชท fastwork,ตะวัน,
https://www.instagram.com/prokandpages?igsh=MWhoZjhjMWpqZXc3bQ%3D%3D&utm_source=qr,prokandpages,https://chat.fastwork.co/message/PDI5TJ30,ig : ฟอล,ไทย,350,0,100,,,,0,100,,,100,9/5/2026,11/5/2026,3,เสร็จสิ้นปิดงานแล้ว,,,
https://www.instagram.com/cheetahcrops?igsh=MXFjNnh5a21oaW9xcw%3D%3D&utm_source=qr,cheetahcrops,,ig : ฟอล,ไทย,,8,158,,,,0,150,,,150,9/5/2026,11/5/2026,3,เสร็จสิ้นปิดงานแล้ว,,,
https://www.instagram.com/curly_cut_rama3?igsh=NmhuaW5ucXdwajA1,curly_cut_rama3,https://chat.fastwork.co/message/RKQRDJKG,ig : ฟอล,ไทย,350,865,1165,,,,0,300,,296,4,9/5/2026,11/5/2026,3,เสร็จสิ้นปิดงานแล้ว,,,
https://www.instagram.com/reel/DX0nUX0gDlT/?igsh=MWxzbGRtaTQ3aDg0OQ==,curly_cut_rama3,,ig : ไลค์,ไทย,,3,43,,,,0,40,,,40,9/5/2026,11/5/2026,3,เสร็จสิ้นปิดงานแล้ว,,,
https://www.instagram.com/reel/DX5qFKGCcXf/?igsh=MW1ob3l6M2VqZTlpMQ==,curly_cut_rama3,,ig : ไลค์,ไทย,,3,43,,,,0,40,,,40,9/5/2026,11/5/2026,3,เสร็จสิ้นปิดงานแล้ว,,,
https://www.instagram.com/reel/DYEmVkEIDkI/?igsh=aTZvdGMwZnc2aTk4,curly_cut_rama3,,ig : ไลค์,ไทย,,3,43,,,,0,40,,,40,9/5/2026,11/5/2026,3,เสร็จสิ้นปิดงานแล้ว,,,
https://www.instagram.com/reel/DYGcLhqkSMA/?igsh=MTBqa2s3YnRrZWlsNA==,curly_cut_rama3,,ig : ไลค์,ไทย,,2,42,,,,0,40,,,40,9/5/2026,11/5/2026,3,เสร็จสิ้นปิดงานแล้ว,,,
https://www.instagram.com/reel/DYGp3R2iMem/?igsh=MW1zN3IyZjhjZ3h6ZA==,curly_cut_rama3,,ig : ไลค์,ไทย,,0,40,,,,0,40,,,40,9/5/2026,11/5/2026,3,เสร็จสิ้นปิดงานแล้ว,,,
https://www.instagram.com/nunn_nannaphat?igsh=MWJ1Zjh1bHRuYXkzdg==,nunn_nannaphat,https://chat.fastwork.co/message/6QN4SF5Y,ig : ฟอล,ไทย,350,0,500,,,,0,450,50,741,-241,9/5/2026,10/5/2026,2,เสร็จสิ้นปิดงานแล้ว,,,
https://www.instagram.com/zodiask.th?igsh=MTk2cGx0OW42aGJxdg==,zodiask.th,https://chat.fastwork.co/message/VAZ55L39,ig : ฟอล,ไทย,"2,000",26,"3,026",,,,0,"2,800",200,"3,018",-18,9/5/2026,17/5/2026,9,เสร็จสิ้นปิดงานแล้ว,,ตะวัน,
https://www.instagram.com/p/DYFez7hkzsu/?igsh=NXVrOG5vaWh5ZW01,nk_arz,https://chat.fastwork.co/message/4LT9DXDB,ig : ไลค์,ไทย,,0,30,,,,0,30,,,30,8/5/2026,10/5/2026,3,เสร็จสิ้นปิดงานแล้ว,,,
https://www.instagram.com/p/DYFdpheAVYV/?igsh=MWg4N2FncXIxc2tjYw==,,,ig : ไลค์,ไทย,,0,30,,,,0,30,,,30,8/5/2026,10/5/2026,3,เสร็จสิ้นปิดงานแล้ว,,,
https://www.instagram.com/p/DYFdUfYk6JP/?igsh=MXNrdGk1aGs4OHA4aQ==,,,ig : ไลค์,ไทย,,0,30,,,,0,30,,,30,8/5/2026,10/5/2026,3,เสร็จสิ้นปิดงานแล้ว,,,
https://www.instagram.com/p/DYFRJAzAUaA/?igsh=MTVoNTJ2ZHdjc2J2bw==,,,ig : ไลค์,ไทย,,0,30,,,,0,30,,,30,8/5/2026,10/5/2026,3,เสร็จสิ้นปิดงานแล้ว,,,
https://www.instagram.com/p/DYFOnfJgWXq/?igsh=OGc5b213aThuZ2Y5,,,ig : ไลค์,ไทย,,0,30,,,,0,30,,,30,8/5/2026,10/5/2026,3,เสร็จสิ้นปิดงานแล้ว,,,
https://www.instagram.com/p/DYFKHjjgej3/?igsh=bGt3YXMzb2N4dnpz,,,ig : ไลค์,ไทย,,0,30,,,,0,30,,,30,8/5/2026,10/5/2026,3,เสร็จสิ้นปิดงานแล้ว,,,
https://www.instagram.com/p/DYFJduvgbIG/?igsh=MWZjemx5MnpvNWRtZw==,,,ig : ไลค์,ไทย,,0,30,,,,0,30,,,30,8/5/2026,10/5/2026,3,เสร็จสิ้นปิดงานแล้ว,,,
https://www.instagram.com/thaelis.luxuryfeel?igsh=MjEwd3J2NzRmMXc%3D&utm_source=qr,thaelis.luxuryfeel,https://chat.fastwork.co/message/3D3VZ6VO,ig : ฟอล,ผสม,700,678,"2,778","1,200",,"1,000",200,700,200,573,327,11/5/2026,15/5/2026,5,เสร็จสิ้นปิดงานแล้ว,"2,047",ตะวัน,
https://www.instagram.com/_lalipatt?igsh=MXd6MGlpam9wYTZyMA%3D%3D&utm_source=qr,_lalipatt,https://chat.fastwork.co/message/KHZMWTVW,ig : ฟอล,ไทย,350,"8,389","8,889",,,,0,450,50,553,-53,14/5/2026,14/5/2026,1,เสร็จสิ้นปิดงานแล้ว,,,
https://www.instagram.com/covathailand,covathailand,https://chat.fastwork.co/message/P3D0FCEA,ig : ฟอล,ไทย,"3,000","1,583","6,083",,,0,0,"4,200",300,"4,511",-11,14/5/2026,18/5/2026,5,เสร็จสิ้นปิดงานแล้ว,,,
https://www.instagram.com/mintyaarpa?igsh=MXFoa294d3JwNTgyMw==,mintyaarpa,https://chat.fastwork.co/message/KGVJHA98,ig : ฟอล,ไทย,350,"48,200","48,500",,,,0,300,,"-1,400","1,700",14/5/2026,15/5/2026,2,เสร็จสิ้นปิดงานแล้ว,,,
https://www.instagram.com/reel/DYSg3EUzHx9/?igsh=MXg2dzFsb2JjNjZxag==,,,ig : ไลค์,ไทย,,0,100,,,,0,100,,151,-51,14/5/2026,15/5/2026,2,เสร็จสิ้นปิดงานแล้ว,,,
https://www.instagram.com/p/DYMmstKk3Aj/?igsh=YTEyZGF5NDdiaTdw,,,ig : ไลค์,ไทย,,0,50,,,,0,50,,,50,14/5/2026,15/5/2026,2,เสร็จสิ้นปิดงานแล้ว,,,
https://www.instagram.com/p/DYJnsAQE7bc/?igsh=Z25lYWJ4ZzNjbG91,,,ig : ไลค์,ไทย,,0,50,,,,0,50,,,50,14/5/2026,15/5/2026,2,เสร็จสิ้นปิดงานแล้ว,,,
https://www.instagram.com/ttp.nickc?igsh=MW93MXVhdHJjMWx1Mg==,ttp.nickc,https://chat.fastwork.co/message/1AZ6EUGI,ig : ฟอล,ไทย,350,0,500,,,,0,450,50,,500,15/5/2026,15/5/2026,1,เสร็จสิ้นปิดงานแล้ว,เร่ง,ตะวัน,
https://www.instagram.com/mrchanarun?igsh=cm9zY2U5ajBkZW50,mrchanarun,https://chat.fastwork.co/message/CX9HRMGF,ig : ฟอล,ไทย,700,306,"1,256",,,,0,850,100,"1,032",-82,15/5/2026,18/5/2026,4,เสร็จสิ้นปิดงานแล้ว,,ตะวัน,
https://www.instagram.com/ddreamiy?igsh=MTQwcDVhOXp0b2h1dg==,ddreami,https://chat.fastwork.co/message/HCLHHC7N,ig : ฟอล,ไทย,500,"4,985","5,735",,,,0,650,100,682,68,15/5/2026,8/6/2026,25,เสร็จสิ้นปิดงานแล้ว,,,
https://www.instagram.com/pspyxx?igsh=cHJmZ203ZDNybGlh&utm_source=qr,pspyxx,https://chat.fastwork.co/message/LBUJEYJJ,ig : ฟอล,ไทย,350,"1,067","1,567",,,,0,450,50,515,-15,20/5/2026,22/5/2026,3,เสร็จสิ้นปิดงานแล้ว,,,
https://www.instagram.com/p/DYllpjPDyH3/?igsh=MWE1OG5oaHNhdm5ybA==,onebox_bed,https://chat.fastwork.co/message/FZV97B7D,ig : ไลค์,ไทย,350,3,33,,,,0,30,,,30,21/5/2026,8/6/2026,19,เสร็จสิ้นปิดงานแล้ว,ตะวัน,แบ่งเป้นหลายโพสต์,
https://www.instagram.com/smilestyle.craft/?utm_source=ig_web_button_share_sheet,smilestyle.craft,https://chat.fastwork.co/message/K7PH5IYZ,ig : ฟอล,ไทย,350,9,509,,,,0,450,50,509,-9,21/5/2026,22/5/2026,2,เสร็จสิ้นปิดงานแล้ว,ตะวัน,,
https://www.instagram.com/smilesmiley.shop?igsh=aTBsZjdrcmdkcDVz,smilesmiley.shop,https://chat.fastwork.co/message/VVLG6ZJR,ig : ฟอล,ไทย,350,238,738,,,,0,450,50,543,-43,22/5/2026,23/5/2026,2,เสร็จสิ้นปิดงานแล้ว,,,
https://www.instagram.com/ilovebabycnx?igsh=eXJoYTQxOWN1MGRh,,https://chat.fastwork.co/message/Z8GU0L68,ig : ฟอล,ไทย,400,2,602,,,,0,550,50,628,-28,22/5/2026,23/5/2026,2,เสร็จสิ้นปิดงานแล้ว,,,
https://www.instagram.com/p/DYrsdQYkyTDtUjpkphwPXcohHJtWtKnHHMWB-40/?igsh=MXhlZ2xwd3Nod2tvZg==,prsnam,https://chat.fastwork.co/message/3EFAAVKC,ig : ไลค์,ไทย,150,49,259,,,,0,210,,,210,23/5/2026,24/5/2026,2,เสร็จสิ้นปิดงานแล้ว,,,
https://www.instagram.com/_17ppp?igsh=dzZ5enpieWo2bmo2&utm_source=qr,_17ppp,https://chat.fastwork.co/message/5LLRA6OU,ig : ฟอล,ไทย,700,220,"1,170",,,,0,850,100,949,1,24/5/2026,26/5/2026,3,เสร็จสิ้นปิดงานแล้ว,,,
https://www.instagram.com/ryokonp?igsh=MThubnZiZHNqZGpmcA%3D%3D&utm_source=qr,ryokonp,https://chat.fastwork.co/message/KPZJRVY9,ig : ฟอล,ไทย,350,"1,495","1,945",,,,0,450,,481,-31,25/5/2026,26/5/2026,2,เสร็จสิ้นปิดงานแล้ว,,,
https://www.instagram.com/p/DYuuUcuk_G7/?igsh=ZzgzYjNham9oNHNp,ryokonp,,ig : ไลค์,ไทย,,205,255,,,,0,50,,100,-50,25/5/2026,26/5/2026,2,เสร็จสิ้นปิดงานแล้ว,,,
https://www.instagram.com/huskyvict?utm_source=ig_web_button_share_sheet&igsh=ZDNlZDc0MzIxNw==,"huskyvict",https://chat.fastwork.co/message/LSDTUDUH,ig : ฟอล,ผสม,"2,000","5,288","10,288","4,300",,"3,900",400,700,,,700,26/5/2026,1/6/2026,7,เสร็จสิ้นปิดงานแล้ว,"10,295",,
https://www.instagram.com/teochew.tj/,teochew.tj,,ig : ฟอล,ผสม,,530,"3,130","2,200",,"2,000",200,400,,,400,26/5/2026,1/6/2026,7,เสร็จสิ้นปิดงานแล้ว,"3,129",,
https://www.instagram.com/lookkaew_sireepat?igsh=MTFyMmtwcTBqZmdxNQ==,lookkaew_sireepat,https://chat.fastwork.co/message/4MGJXKK2,ig : ฟอล,ไทย,500,"7,263","7,963",,,,0,650,50,711,-11,27/5/2026,28/5/2026,2,เสร็จสิ้นปิดงานแล้ว,,,
https://www.instagram.com/emmimm.e?igsh=MTYzdGlxYmljYnpkcw==,emmimm.e,https://chat.fastwork.co/message/8U1O3Z3H,ig : ฟอล,ผสม,350,608,"2,058","1,200",,"1,100",100,250,,,250,31/5/2026,2/6/2026,3,เสร็จสิ้นปิดงานแล้ว,,,
https://www.instagram.com/fitbites.th/,fitbites.th,https://chat.fastwork.co/message/7KI675JM,ig : ฟอล,ไทย,350,"1,080","1,580",,,,0,450,50,,500,1/6/2026,2/6/2026,2,เสร็จสิ้นปิดงานแล้ว,,,
https://www.instagram.com/thisbxnk?igsh=MXZ4N254aDY4OGJ0cw==,thisbxnk,https://chat.fastwork.co/message/3WJWMD2H,ig : ฟอล,ไทย,350,8,508,,,,0,450,50,,500,1/6/2026,2/6/2026,2,เสร็จสิ้นปิดงานแล้ว,,,
https://www.instagram.com/p/DZFeu7lkgcE/?img_index=3&igsh=dTkwMmJjaXRnemVo,prsnam,https://chat.fastwork.co/message/TQGO9G59,ig : ไลค์,ไทย,150,59,269,,,,0,210,,,210,2/6/2026,3/6/2026,2,เสร็จสิ้นปิดงานแล้ว,,,
https://www.instagram.com/rosemaisonbkk?igsh=MTIzYWEzNHk1YTZubQ==,rosemaison_bkk,https://chat.fastwork.co/message/OVR0S33B,ig : ฟอล,ต่างชาติ,350,2,"2,502","2,300",200,"2,100",400,,,,0,2/6/2026,3/6/2026,2,เสร็จสิ้นปิดงานแล้ว,,,
https://www.instagram.com/mx_ui.i?igsh=MXdyZ3c0dW9ncTJkNw%3D%3D&utm_source=qr,mx_ui.i,https://chat.fastwork.co/message/1Q9H71,ig : ฟอล,ไทย,350,315,815,,,,0,450,50,,500,3/6/2026,3/6/2026,1,เสร็จสิ้นปิดงานแล้ว,,,
https://www.instagram.com/p/DZHxIVmkhY8/?igsh=ZWhsOXgxNXRmNWF3,prsnam,https://chat.fastwork.co/message/Q1BOR3OV,ig : ไลค์,ไทย,150,21,251,,,,0,210,20,,230,3/6/2026,5/6/2026,3,เสร็จสิ้นปิดงานแล้ว,,,
https://www.instagram.com/smilesmiley.shop?igsh=aTBsZjdrcmdkcDVz,smilesmiley.shop,https://chat.fastwork.co/message/NXV0PCCA,ig : ฟอล,ไทย,350,772,"1,272",,,,0,450,50,,500,5/6/2026,9/6/2026,5,เสร็จสิ้นปิดงานแล้ว,,,
https://www.instagram.com/jinny_cafe_bar?igsh=MXQ2MGt0Nmg3azR6cQ==,Jinny_cafe_bar,https://chat.fastwork.co/message/HH5W2B7L,ig : ฟอล,ผสม,350,685,"2,135","1,200",,"1,100",100,250,,,250,11/6/2026,13/6/2026,3,เสร็จสิ้นปิดงานแล้ว,,,
https://www.instagram.com/cloud_9tattoophuket?igsh=MTBibm0yeWM3cDVucg%3D%3D&utm_source=qr,cloud_9tattoophuket,https://chat.fastwork.co/message/HT6EJKIP,ig : ฟอล,ผสม,500,34,"2,284","2,000",,"2,500",-500,250,,,250,11/6/2026,14/6/2026,4,เสร็จสิ้นปิดงานแล้ว,,,
https://www.instagram.com/p/DVf8qO1gUiH/?igsh=MWQ0bzF6MDh2dHllbw===,babycambkk,https://chat.fastwork.co/room/ILJUDL2dJe,ig : ไลค์,ต่างชาติ,150,494,"1,494","1,000",,,"1,000",,,,0,19/6/2026,21/6/2026,3,เสร็จสิ้นปิดงานแล้ว,,,
https://www.instagram.com/lookkaew_sireepat?igsh=MTFyMmtwcTBqZmdxNQ==,lookkaew_sireepat,https://chat.fastwork.co/room/N6XxZexzQr,ig : ฟอล,ไทย,"1,600","7,892","10,192",,,,0,"2,100",200,,"2,300",21/6/2026,25/6/2026,5,เสร็จสิ้นปิดงานแล้ว,,,
https://www.instagram.com/bigtangka?igsh=NDk4Y3N0bTIzZ3F3&utm_source=qr,bigtangka,https://chat.fastwork.co/room/vlu_T_i2Rp,ig : ฟอล,ไทย,500,46,796,,,,0,650,100,,750,25/6/2026,26/6/2026,2,เสร็จสิ้นปิดงานแล้ว,,,
https://www.instagram.com/p/DaE2tviGcdH/?igsh=ZzN0eXdpangxODJx,,https://chat.fastwork.co/room/0m5Lz4vdlC,ig : ไลค์,ไทย,150,1,201,,,,0,200,,,200,27/6/2026,28/6/2026,2,เสร็จสิ้นปิดงานแล้ว,,,
https://www.instagram.com/_laviitra_?utm_source=ig_web_button_share_sheet&igsh=ZDNlZDc0MzIxNw==,_laviitra_,https://chat.fastwork.co/room/rTQyTO_mk--,ig : ฟอล,ไทย,650,"5,015","6,015",,,,0,850,150,,"1,000",27/6/2026,30/6/2026,4,เสร็จสิ้นปิดงานแล้ว,,,
https://www.instagram.com/fantastic672026?igsh=aHV1c2Vsd2ZwYmN2,fantastic672026,https://chat.fastwork.co/room/c_nwur_EtU,ig : ฟอล,ไทย,150,1,201,,,,0,200,,,200,28/6/2026,28/6/2026,1,เสร็จสิ้นปิดงานแล้ว,,,
https://www.instagram.com/smilesmiley.shop?igsh=aTBsZjdrcmdkcDVz,smilesmiley.shop,https://chat.fastwork.co/room/cZKkX8AFkp,ig : ฟอล,ไทย,150,"1,293","1,493",,,,0,200,,,200,28/6/2026,29/6/2026,2,เสร็จสิ้นปิดงานแล้ว,,,
https://www.instagram.com/smilesmiley.shop?igsh=aTBsZjdrcmdkcDVz,smilesmiley.shop,https://chat.fastwork.co/room/cZKkX8AFkp,ig : ฟอล,ต่างชาติ,200,"1,497","2,297",500,,540,-40,300,,,300,29/6/2026,30/6/2026,2,เสร็จสิ้นปิดงานแล้ว,,,
https://www.instagram.com/rairin.studio?utm_source=ig_web_button_share_sheet&igsh=ZDNlZDc0MzIxNw==,rairin.studio,https://chat.fastwork.co/room/iVHtWDiHdv,ig : ฟอล,ไทย,350,15,515,,,,0,450,50,,500,29/6/2026,1/7/2026,3,เสร็จสิ้นปิดงานแล้ว,,,
https://www.instagram.com/maisoneva789?igsh=bGhyZGNzNDY4c2tt,maisoneva789,https://chat.fastwork.co/message/ZIDIFP46,ig : ฟอล,ไทย,350,73,573,,,,0,450,50,,500,29/6/2026,30/6/2026,2,เสร็จสิ้นปิดงานแล้ว,,,
https://www.instagram.com/el_lliz16?igsh=MXNzejlwNzMyc3NjeQ%3D%3D,el_lliz16,https://chat.fastwork.co/room/hchUiN27mU,ig : ฟอล,ผสม,850,"4,448","10,948","5,300","1,000","5,000","1,300",200,,,200,1/7/2026,,,เสร็จสิ้นปิดงานแล้ว,,,
https://www.instagram.com/kim____tara?igsh=OTZ3ZjA2cXEzZnNh&utm_source=qr,kim____tara,https://chat.fastwork.co/room/P2X7xz-9ta,ig : ฟอล,ไทย,500,"1,344","1,844",,,,0,500,,490,10,1/7/2026,3/7/2026,3,เสร็จสิ้นปิดงานแล้ว,ตะวัน,,
https://www.instagram.com/kim____tara?igsh=OTZ3ZjA2cXEzZnNh&utm_source=qr,kim____tara,https://chat.fastwork.co/room/P2X7xz-9ta,,ไทย,,,250,,,,0,250,,,250,,,,ยังไม่เริ่ม,เก็บยอด,,
https://www.instagram.com/p/DaQHQsOkq30/?igsh=MTg0cjFoNWQwMTlvZw==,chommmww,https://chat.fastwork.co/room/PLF2wdFSiM,ig : ไลค์,ไทย,200,0,220,,,,0,200,20,,220,1/7/2026,3/7/2026,3,เสร็จสิ้นปิดงานแล้ว,,,
https://www.instagram.com/simplusappliance?utm_source=ig_web_button_share_sheet&igsh=ZDNlZDc0MzIxNw==,simplusappliance,https://chat.fastwork.co/room/mMn9wEjlCK,ig : ฟอล,ไทย,150,,220,,,,0,220,,,220,2/7/2026,15/7/2026,14,เสร็จสิ้นปิดงานแล้ว,,,
https://www.instagram.com/amitachan.p?utm_source=ig_web_button_share_sheet&igsh=ZDNlZDc0MzIxNw==,amitachan.p,https://chat.fastwork.co/room/MTIWkHVlncc,ig : ฟอล,ไทย,150,"2,006","2,226",,,,0,220,,,220,3/7/2026,4/7/2026,2,เสร็จสิ้นปิดงานแล้ว,,,
https://www.tiktok.com/@catceleb.petcare,CATCELEB - แชมพูอาบน้ําสัตว์,https://chat.fastwork.co/room/hchUiN27mU,tiktok : ตต,ไทย,"1,000",0,"1,300",,,,0,"1,100",200,865,435,3/7/2026,17/7/2026,15,เสร็จสิ้นปิดงานแล้ว,,,
https://www.instagram.com/suvicha.life?igsh=MXMwczVsdHYwYnh4bg%3D%3D&utm_source=qr,,https://chat.fastwork.co/message/RM0JECDH,ig : ฟอล,ไทย,500,1,751,,,,0,650,100,554,196,4/7/2026,7/7/2026,4,เสร็จสิ้นปิดงานแล้ว,,,
https://www.instagram.com/peacedude_w?igsh=YzhocmJ1Nm1tZTA4&utm_source=qr,peacedude_w,https://chat.fastwork.co/message/9JMVXLXR,ig : ฟอล,ต่างชาติ,150,171,"1,271",,,,0,"1,000",100,,"1,100",4/7/2026,5/7/2026,2,เสร็จสิ้นปิดงานแล้ว,,,
https://www.instagram.com/ix_naphich?utm_source=qr ,ix_naphich,https://chat.fastwork.co/message/AFT8EW5F,ig : ฟอล,ไทย,500,"1,739","2,489",,,,0,650,100,,750,6/7/2026,7/7/2026,2,เสร็จสิ้นปิดงานแล้ว,,,
https://www.instagram.com/mawin.kub/,,https://chat.fastwork.co/room/eOEnBCkVQf,ig : ฟอล,ไทย,"2,000",600,"3,800",,,,0,"2,800",400,,"3,200",6/7/2026,9/7/2026,4,เสร็จสิ้นปิดงานแล้ว,,,
https://www.facebook.com/share/p/18wEmjFsCz/,,https://chat.fastwork.co/room/eOEnBCkVQf,facebook : ไลค์,ต่างชาติ,450,2,"3,652","2,650","1,000","2,000","1,650",,,,0,8/7/2026,10/7/2026,3,เสร็จสิ้นปิดงานแล้ว,,,
https://www.instagram.com/fiahfah/,,https://chat.fastwork.co/room/58rdIJAd56,ig : ฟอล,ผสม,700,"4,996","7,846","2,200",200,200,"2,200",400,50,,450,9/7/2026,15/7/2026,7,เสร็จสิ้นปิดงานแล้ว,,,
https://www.instagram.com/tarn.dener?igsh=ZWk2MjY1d3g5NmVq,,,ig : ฟอล,ไทย,700,173,"1,223",,,,0,850,200,,"1,050",10/7/2026,12/7/2026,3,เสร็จสิ้นปิดงานแล้ว,,,
https://www.instagram.com/kikihouse.co,,,ig : ฟอล,ไทย,500,224,974,,,,0,650,100,,750,10/7/2026,,,เสร็จสิ้นปิดงานแล้ว,,,
https://www.instagram.com/p/DapqV8Akv4_B098TbIrWR8Vvv91oTgeGwvlGT80/?igsh=anBuNXJmcW4yanU0,,,ig : ไลค์,ไทย,350,6,86,,,,0,80,,,80,11/7/2026,,,เสร็จสิ้นปิดงานแล้ว,,,
https://www.instagram.com/p/DapSRyEEn4FgVu4AfCKYrjig1S33EpKkgu9NFs0/?igsh=MTNzemphMzlhZ2tjOA==,,,ig : ไลค์,ไทย,,5,85,,,,0,80,,,80,11/7/2026,,,เสร็จสิ้นปิดงานแล้ว,,,
https://www.instagram.com/p/Daoq1odEnzZ4gHCyCQceStEtvLWUNmvWuNuEr80/?igsh=MTM5b3U5b3BuZXBkcg==,,,ig : ไลค์,ไทย,,7,87,,,,0,80,,,80,11/7/2026,,,เสร็จสิ้นปิดงานแล้ว,,,
https://www.instagram.com/fitme.rentme?igsh=MTdvcWFzY3p4cnh3eA%3D%3D&utm_source=qr,,,ig : ฟอล,ต่างชาติ,150,63,"1,263","1,000",200,,"1,200",,,,0,14/7/2026,,,เสร็จสิ้นปิดงานแล้ว,,,
https://www.instagram.com/miri.isyours?igsh=MXI3MzhxOTdmZ2dpNA==,miri.isyours,https://chat.fastwork.co/room/gQBTPkcp8g,ig : ฟอล,ไทย,450,1,541,,,,0,490,50,,540,16/7/2026,20/7/2026,5,เสร็จสิ้นปิดงานแล้ว,,,
https://www.instagram.com/spar_pearl?igsh=MWhjamhqYXVpaGc1dg==,spar_pearl,https://chat.fastwork.co/room/hoUos53eqN,ig : ฟอล,ไทย,450,2,542,,,,0,490,50,,540,18/7/2026,22/7/2026,5,เสร็จสิ้นปิดงานแล้ว,,,
https://www.instagram.com/djmawonn?utm_source=ig_web_button_share_sheet&igsh=ZDNlZDc0MzIxNw==,djmawonn,https://chat.fastwork.co/room/2aLauXAbwS,ig : ฟอล,ไทย,"1,000",8,"1,258",,,,0,"1,150",100,860,390,22/7/2026,7/8/2026,17,เสร็จสิ้นปิดงานแล้ว,,,
https://www.instagram.com/lumo.officialth?igsh=azdqeDU4Z28xNTR3,lumo.officialth,https://chat.fastwork.co/room/7gRmRwAvmC,ig : ฟอล,ต่างชาติ,350,2,"2,452","2,250",200,,"2,450",,,,0,23/7/2026,25/7/2026,3,เสร็จสิ้นปิดงานแล้ว,,,
https://www.instagram.com/bigtangka?igsh=bzVqZXRrZDlnOWlm,bigtangka,https://chat.fastwork.co/message/QRG5RGWY,ig : ฟอล,ต่างชาติ,350,874,"3,324","2,250",200,"2,400",50,,,,0,25/7/2026,29/7/2026,5,เสร็จสิ้นปิดงานแล้ว,,,
https://www.instagram.com/bigtangka?igsh=bzVqZXRrZDlnOWlm,bigtangka,https://chat.fastwork.co/message/QRG5RGWY,ig : ฟอล,ไทย,350,"3,324","3,744",,,,0,370,50,,420,25/7/2026,29/7/2026,5,เสร็จสิ้นปิดงานแล้ว,,,
https://www.instagram.com/run.btw?igsh=MWxvOXFlcmI5N3o5MQ==,run.btw,https://chat.fastwork.co/message/MW9CGU0Q,ig : ฟอล,ไทย,125,947,"1,097",,,,0,150,,,150,25/7/2026,26/7/2026,2,เสร็จสิ้นปิดงานแล้ว,,,
https://www.instagram.com/prsnam?igsh=MTFkcnJyaGM2ZDgxNw==,prsnam,https://chat.fastwork.co/message/ZWUPSWHL,ig : ฟอล,ไทย,350,"1,993","2,413",,,,0,370,50,,420,24/7/2026,26/7/2026,3,เสร็จสิ้นปิดงานแล้ว,,,
https://www.instagram.com/chananthida___aa?igsh=MTdyd2hhejRrempvMg%3D%3D&utm_source=qr,chananthida___aa,https://chat.fastwork.co/room/Sq_NJuVacP,ig : ฟอล,ไทย,150,299,479,,,,0,180,,,180,27/7/2026,27/7/2026,1,เสร็จสิ้นปิดงานแล้ว,,,
https://www.instagram.com/p/DbScniZkdZfCuFWlQzgvrBw-652OTVtPT0TSKA0/?igsh=MWc5cnFtdXB6Nm54bA==,,https://chat.fastwork.co/message/ZWUPSWHL,ig : ไลค์,ไทย,150,32,212,,,,0,180,,,180,27/7/2026,28/7/2026,2,เสร็จสิ้นปิดงานแล้ว,,,
https://www.instagram.com/goodbook789?igsh=MWJ2a3drMzdqaDg1NA==,,https://chat.fastwork.co/room/l1cig3pQWj,ig : ฟอล,ไทย,450,504,"1,044",,,,0,490,50,,540,27/7/2026,28/7/2026,2,เสร็จสิ้นปิดงานแล้ว,,,
https://www.instagram.com/p/DbVhbuvk8F8/?igsh=MXF1cWRjMGJzZzQ0eg==,,https://chat.fastwork.co/message/5SRXB44L,ig : ไลค์,ไทย,150,10,40,,,,0,30,,,30,27/7/2026,3/8/2026,8,เสร็จสิ้นปิดงานแล้ว,,,
https://www.instagram.com/p/DbVhbuvk8F8/?igsh=MXF1cWRjMGJzZzQ0eg==,,,,,,,,,,,0,30,,,30,28/7/2026,4/8/2026,8,เสร็จสิ้นปิดงานแล้ว,,,
https://www.instagram.com/p/DbVhbuvk8F8/?igsh=MXF1cWRjMGJzZzQ0eg==,,,,,,,,,,,0,30,,,30,29/7/2026,5/8/2026,8,เสร็จสิ้นปิดงานแล้ว,,,
https://www.instagram.com/p/DbS0avviRfV/?igsh=NnUwdGcwbnhkazM5,,,,,,,,,,,0,30,,,30,30/7/2026,6/8/2026,8,เสร็จสิ้นปิดงานแล้ว,,,
https://www.instagram.com/p/DbS0avviRfV/?igsh=NnUwdGcwbnhkazM5,,,,,,,,,,,,30,,,30,2/8/2026,7/8/2026,6,เสร็จสิ้นปิดงานแล้ว,,,
https://www.instagram.com/im_mafair?igsh=MWozNWhmZmpnMXNpcg%3D%3D&utm_source=qr,,https://chat.fastwork.co/message/VK09XBN4,ig : ฟอล,ไทย,150,975,"1,155",,,,0,180,,,180,28/7/2026,30/7/2026,3,เสร็จสิ้นปิดงานแล้ว,,,
https://www.instagram.com/_laviitra_?igsh=MWtybzVoODl2a2Z2NQ%3D%3D,,https://chat.fastwork.co/room/rTQyTO_mk-,ig : ฟอล,ไทย,200,,480,,,,0,240,240,,480,30/7/2026,1/8/2026,3,เสร็จสิ้นปิดงานแล้ว,,,
https://www.instagram.com/my.memories.flowershop?igsh=MWRwcnRydXdycDYzbQ%3D%3D&utm_source=qr,,https://chat.fastwork.co/room/x4KDLXWKQ-,ig : ฟอล,ต่างชาติ,"1,200","1,865","11,865","8,600","1,400","4,000","6,000",,,,0,31/7/2026,2/8/2026,3,เสร็จสิ้นปิดงานแล้ว,,,
https://www.tiktok.com/@my.memories.flowershop?_r=1&_t=ZS-98UJ5Z3t1H7,,https://chat.fastwork.co/room/x4KDLXWKQ-,tiktok : ตต,ไทย,"1,000","1,532","2,482",,,,0,810,140,803,147,31/7/2026,9/8/2026,10,เสร็จสิ้นปิดงานแล้ว,,,
https://www.instagram.com/nx_nutttt16?igsh=aW9keHpiaWdia2Zq&utm_source=qr,,https://chat.fastwork.co/room/4om6hRJ0eQ,ig : ฟอล,ไทย,150,431,611,,,,0,180,,,180,1/8/2026,2/8/2026,2,เสร็จสิ้นปิดงานแล้ว,,,
https://www.instagram.com/lookkaew_sireepat?igsh=MTFyMmtwcTBqZmdxNQ==,,https://chat.fastwork.co/room/N6XxZexzQr,ig : ฟอล,ไทย,"1,600","10,300","12,400",,,,0,"1,900",200,"1,582",518,1/8/2026,8/8/2026,8,เสร็จสิ้นปิดงานแล้ว,,,
https://www.instagram.com/arthurchry?igsh=MXF0bm5odXIzc25lZg%3D%3D&utm_source=qr,,https://chat.fastwork.co/message/ZGS3T987,ig : ฟอล,ไทย,550,"1,401","2,061",,,,0,610,50,365,295,3/8/2026,7/8/2026,5,เสร็จสิ้นปิดงานแล้ว,,,
https://www.instagram.com/releep.care?igsh=dXZ5YzBtNjYxdzU2,,https://chat.fastwork.co/message/96091B8D,ig : ฟอล,ไทย,350,1,421,,,,0,370,50,432,-12,4/8/2026,5/8/2026,2,เสร็จสิ้นปิดงานแล้ว,,,
https://www.instagram.com/candl.official?igsh=MXEzdDRta2V0dmFqZA%3D%3D&utm_source=qr,,https://chat.fastwork.co/message/MKWFWKCS,ig : ฟอล,ไทย,950,3,"1,153",,,,0,"1,090",60,"1,178",-28,4/8/2026,6/8/2026,3,เสร็จสิ้นปิดงานแล้ว,,,
https://www.instagram.com/beaumethailand/,,https://chat.fastwork.co/message/5JMOR6BE,ig : ฟอล,ต่างชาติ,"1,700",0,650,650,,,650,,,,0,4/8/2026,10/8/2026,7,เสร็จสิ้น,,,
https://www.instagram.com/beaumethailand/,,https://chat.fastwork.co/message/5JMOR6BE,ig : ฟอล,ไทย,,650,"2,650",,,,0,"1,900",100,"1,948",52,4/8/2026,10/8/2026,7,เสร็จสิ้น,,,
https://www.instagram.com/duke.dick56?igsh=MWV4bWcyZHhldWI1eQ%3D%3D&utm_source=qr,,https://chat.fastwork.co/message/R3W7HIQ3,ig : ฟอล,ต่างชาติ,150,47,"1,047","1,000",,"1,200",-200,,,,0,4/8/2026,7/8/2026,4,เสร็จสิ้นปิดงานแล้ว,,,
https://www.instagram.com/duke.dick56?igsh=MWV4bWcyZHhldWI1eQ%3D%3D&utm_source=qr,,https://chat.fastwork.co/message/R3W7HIQ3,ig : ฟอล,ไทย,150,"1,047","1,227",,,,0,180,,190,-10,4/8/2026,7/8/2026,4,เสร็จสิ้นปิดงานแล้ว,,,
https://www.instagram.com/bew_311047?igsh=MWlnNGswdHEybHAxbQ%3D%3D&utm_s,,https://chat.fastwork.co/room/g_4M4VHaWa,ig : ฟอล,ไทย,150,108,288,,,,0,180,,149,31,6/8/2026,9/8/2026,4,เสร็จสิ้นปิดงานแล้ว,,,
https://www.instagram.com/najeamss?igsh=NzV3Nm4wZmkwYzR1&utm_source=qr,,https://chat.fastwork.co/message/VHQFV75N,ig : ฟอล,ต่างชาติ,950,"10,900","17,550","6,450",200,"6,099",551,,,,0,7/8/2026,12/8/2026,6,เสร็จสิ้น,,,
https://www.instagram.com/p/DbxgBNKkuoH/?igsh=enZsN25taDFyZGpy,,https://chat.fastwork.co/message/B0OEAU5L,ig : ไลค์,ไทย,125,3,153,,,,0,150,,,150,8/8/2026,9/8/2026,2,เสร็จสิ้นปิดงานแล้ว,,,
https://www.instagram.com/praewsirinn?igsh=MXUxMXNkOWIxNmZ1OA%3D%3D&utm_source=qr,,https://chat.fastwork.co/message/FKZMVU6A,ig : ฟอล,ไทย,350,614,"1,034",,,,0,370,50,300,120,9/8/2026,10/8/2026,2,เสร็จสิ้น,,,
https://www.instagram.com/chabaswim?igsh=MWZyMzU2YTNuOHF4OA%3D%3D&utm_source=qr,,https://chat.fastwork.co/message/B2AZ2HF1,ig : ฟอล,ต่างชาติ,150,519,"1,519","1,000",,300,700,,,,0,9/8/2026,12/8/2026,4,เสร็จสิ้น,,,
https://www.instagram.com/orry.str?utm_source=qr,,https://chat.fastwork.co/message/BU22JX8H,ig : ฟอล,ไทย,150,995,"1,175",,,,0,180,,18,162,10/8/2026,12/8/2026,3,เสร็จสิ้น,,,
https://www.instagram.com/nattanine?igsh=MjcxcGNwYm5tOXFl&utm_source=qr,,https://chat.fastwork.co/message/I6DCX7L8,ig : ฟอล,ไทย,450,759,"1,299",,,,0,490,50,530,10,11/8/2026,,,กำลังดำเนินการ,,,
https://www.facebook.com/share/1Cuj7DNM7f/,,https://chat.fastwork.co/message/ISOB8CGA,facebook : ตต,ไทย,150,721,901,,,,0,180,,,180,11/8/2026,12/8/2026,2,เสร็จสิ้น,,,
https://www.instagram.com/ihatetomatoclub?igsh=aG1za2pudDV6bnJn&utm_source=qr,,https://chat.fastwork.co/message/0QVD5ESD,ig : ฟอล,ไทย,850,74,"1,094",,,,0,970,50,"1,010",10,11/8/2026,,,กำลังดำเนินการ,เร่ง,,
https://www.instagram.com/p/Db7a3DnEpSG/?img_index=5&igsh=MWo0N201YnJtdWhjeg==,,https://chat.fastwork.co/message/32VDIQUW,ig : ไลค์,ไทย,125,2,152,,,,0,150,,,150,12/8/2026,,,กำลังดำเนินการ,,,
,,,,,,,0,,,,0,,,,0,,,,ยังไม่เริ่ม,,,
,,,,,,,0,,,,0,,,,0,,,,ยังไม่เริ่ม,,,
,,,,,,,0,,,,0,,,,0,,,,ยังไม่เริ่ม,,,
,,,,,,,0,,,,0,,,,0,,,,ยังไม่เริ่ม,,,